Date,Realized_PnL,Vine_VaR,Vine_ES,Vine_Std,Vine_Hit,Indep_VaR,Indep_ES,Indep_Std,Indep_Hit,n_I,n_constituents
2025-01-02 12:00:00,175.52025915417468,-907.3360411864264,-1350.8998071184874,476.6495748165528,0,-1504.3370273120993,-2695.2560836575376,886.6509761573905,0,485.1701524246836,7
2025-01-03 12:00:00,81.69089696560559,-746.2332331452182,-1179.7781719771415,448.34402517389344,0,-1365.8361986192904,-2444.651837672425,871.6218698244063,0,477.2225431209403,7
2025-01-06 12:00:00,-225.15341007378166,-1019.2864308016797,-1424.400338325578,511.8483696422632,0,-1677.5273654573461,-2767.8239922841954,883.0746317826762,0,478.46685084910945,7
2025-01-07 12:00:00,-354.44795020362415,-601.473292695916,-921.0902844363139,451.0903701772595,0,-1198.6715825098497,-2160.080422623369,815.0441018511298,0,481.7992098417447,7
2025-01-08 12:00:00,-153.2418639476536,-415.9229746282569,-621.543804250075,415.4802719812305,0,-915.5885066150857,-1694.0026533668395,691.9594065646546,0,478.3570780439093,7
2025-01-10 12:00:00,-527.0032025885073,-751.7479504456313,-1115.0316785472612,459.44307794420365,0,-1468.143264965237,-2497.352158495767,843.6671076368965,0,479.48668163544386,7
2025-01-13 12:00:00,-463.0565848992474,-841.9425823430113,-1105.2205217869216,530.6227724857231,0,-1475.6157202479756,-2470.399049326933,805.4171236799937,0,477.8361028936225,7
2025-01-14 12:00:00,155.83686482568234,-645.5548091704492,-1054.7638725500358,440.9087291579555,0,-1475.0552006516452,-2569.3100425647585,926.3650721107622,0,476.0519341609035,7
2025-01-15 12:00:00,-254.6898535273629,-731.8117849113917,-1154.9749484241486,457.1747274075975,0,-1584.6889989333117,-2799.005946245237,966.4998879807937,0,478.8095572538326,7
2025-01-16 12:00:00,-66.9536560899966,-722.0222884635447,-1125.5676315503683,487.16055468574336,0,-1624.5382826043108,-2936.101125456603,1011.4712492300843,0,479.34389407820964,7
2025-01-17 12:00:00,124.26816873869406,-692.8051247683959,-1057.0677074590992,491.0036378818173,0,-1538.4049853600393,-2898.2133194153266,1045.9240124155206,0,475.0817890295649,7
2025-01-21 12:00:00,-221.5189653426519,-1202.9214940415134,-1498.4702692969968,461.6877338413179,0,-1998.576464628089,-3221.170261579356,926.0370138244613,0,477.2906786982382,7
2025-01-22 12:00:00,429.00050486091584,-498.8560973868898,-748.071269062292,437.0832471105168,0,-1159.9823575385901,-2128.3665576882568,818.614631589406,0,470.02273989704804,7
2025-01-23 12:00:00,-226.75812896056095,-428.2981734741666,-641.4578943580501,511.9581145592901,0,-1109.642140946833,-2053.0095697376405,807.9379386690223,0,473.8198447535321,7
2025-01-24 12:00:00,-186.78720320689098,-373.63839170441,-550.1404288006295,434.8795906152979,0,-1030.5678175966273,-1863.9360064628202,779.4393825110274,0,474.7081373175966,7
2025-01-27 12:00:00,926.9239706026452,-799.5714052599208,-1012.2381112912987,476.6157681388404,0,-1498.2638985995648,-2449.34956677684,856.558896106999,0,473.35344790966735,7
2025-01-28 12:00:00,867.7257364439137,-333.18903922504364,-506.50384296398073,527.8433903704665,0,-797.9017648885601,-1464.030527144499,642.6721756073593,0,471.3592351648121,7
2025-01-29 12:00:00,-193.03651026493898,-896.3095847625619,-1448.964827715129,526.1655032706321,0,-1726.3502134062696,-3207.514554724752,1088.3969212141087,0,476.3668002752865,7
2025-01-30 12:00:00,1212.1013469548107,-718.4780696184799,-1144.7604124431853,516.890244723036,0,-1438.8257892056424,-2633.579804841278,986.4632411500266,0,473.49615556258476,7
2025-01-31 12:00:00,12.028598406484655,-714.7891738878142,-1179.2869899867676,538.1907501381087,0,-1447.720513273447,-2916.089940116517,1079.4531345939024,0,465.67355777558504,7
2025-02-03 12:00:00,234.47014471647117,-891.3507680915387,-1293.2781079575936,775.1713536051404,0,-1764.8944135343734,-2866.319340072569,1023.1043954221874,0,467.18092807571145,7
2025-02-04 12:00:00,-55.454240641623194,-298.8237325672821,-485.36754553687445,539.5887378463254,0,-849.5460477279356,-1703.38082548523,794.3667304251546,0,458.73451500025345,7
2025-02-05 12:00:00,321.368515550999,-516.29345999807,-894.3745805572602,665.3843701646178,0,-1357.402383767702,-2775.759290151411,1143.4157199388171,0,459.56207524308934,7
2025-02-06 12:00:00,86.38645189911313,-402.83321521967804,-697.0403027564787,667.8232023672637,0,-1157.1892363148954,-2315.372840094213,1050.7466212708143,0,456.06463718353274,7
2025-02-07 12:00:00,66.51627926121066,-301.57771939622165,-552.5709874444689,629.4595037757482,0,-1135.5245104743865,-2328.616584889493,1083.2085877794148,0,454.299480596145,7
2025-02-10 12:00:00,-368.3078818212122,-516.779970843406,-710.9271411287789,660.5344378346498,0,-1236.7673250690414,-2224.13438273927,1006.1738163822914,0,451.8379032139612,7
2025-02-11 12:00:00,505.21089110432166,-217.53287054776897,-400.61998526139735,668.9473446609962,0,-918.7856235525308,-1888.4501812981925,930.6194485441158,0,450.7033772620996,7
2025-02-12 12:00:00,-105.18075122943478,-191.1455934638121,-347.0350040684729,709.0382871770635,0,-785.839752226974,-1625.544097889457,844.5915165479355,0,446.51907510909405,7
2025-02-13 12:00:00,131.14307400748515,-172.6784730081024,-301.5408219618108,677.9171197779797,0,-782.6433978628384,-1559.8225680586622,892.5498969218935,0,446.52602692820193,7
2025-02-14 12:00:00,-132.5362854803928,-188.03660192141396,-322.1013812630874,674.5890437390174,0,-864.1633080511466,-1824.5802079650864,897.7170947540167,0,447.61109549597154,7
2025-02-18 12:00:00,-403.8807240912664,-619.4705383677623,-740.9145399443504,707.7151786319092,0,-1264.2496416786032,-2158.987688324992,917.8561340049417,0,447.0782460201614,7
2025-02-19 12:00:00,-82.07310378696593,-146.45009542276847,-224.02645712472835,754.1748918961736,0,-631.3240554145959,-1317.971421643292,818.2015101812424,0,447.68850755823826,7
2025-02-20 12:00:00,-150.41787533700182,-148.99555030125285,-210.16020983937307,633.8295863193977,1,-659.1018687048667,-1334.0722799794526,774.2678130093009,0,448.32834705803526,7
2025-02-21 12:00:00,-32.343225748455524,-143.32207390717804,-206.90933220776276,635.8842090903297,0,-588.8665939169019,-1160.4455539807936,716.0826227916217,0,451.38635537104676,7
2025-02-24 12:00:00,-594.8362093058678,-441.27389879715747,-537.8669965152914,540.6256886539037,1,-995.7313536590539,-1759.7655882918687,777.611202005389,0,448.97956347582806,7
2025-02-25 12:00:00,47.09795475065887,-149.6415166460309,-224.35890705851017,550.4540257156317,0,-572.4831487137454,-1128.1130556065657,653.3024095554653,0,448.43257258404304,7
2025-02-26 12:00:00,320.58248400749983,-240.02948909000628,-393.4226323299631,441.14282259105863,0,-794.2784210647116,-1613.00298976806,739.9494158634935,0,445.30653117948225,7
2025-02-27 12:00:00,-235.9009380474367,-418.06444411093844,-701.7288585117105,468.6585253894536,0,-1205.941503173666,-2255.396581181209,907.2215653925443,0,442.2034806330256,7
2025-02-28 12:00:00,-151.6864880780783,-236.10814647764565,-410.5050902893161,536.9130632840568,0,-917.7868366614282,-1917.3461191214142,851.3027824250017,0,439.4026149740548,7
2025-03-03 12:00:00,-195.7028990563794,-567.548642725615,-752.0591444921773,452.41597002621165,0,-1349.7282098720725,-2314.0426031867096,839.4127082569534,0,418.0604189771365,7
2025-03-04 12:00:00,-347.4813102427014,-578.1564498758084,-980.3035761164404,635.7840155359942,0,-1407.1034961746332,-2785.0229713193403,1012.8307649529656,0,469.8443623623517,7
2025-03-05 12:00:00,317.6160702289538,-274.69150623957177,-463.9403561958603,505.8911716492614,0,-967.0919574575192,-1864.416325981296,811.3326709883501,0,437.0907678581188,7
2025-03-06 12:00:00,36.544812902503324,-595.3741094721413,-1028.4951494909635,494.73290640217016,0,-1377.8066902289208,-2601.329873178836,987.9610734506524,0,438.08777949242506,7
2025-03-07 12:00:00,170.52782183406575,-517.2564281423589,-900.9943949356773,528.1042351056979,0,-1212.6948759625575,-2427.6257871184407,968.3582419177259,0,438.8255496672842,7
2025-03-10 12:00:00,364.92034226862654,-665.8527391022311,-978.0732587127011,435.06652571990315,0,-1393.4624356282914,-2398.8477409641705,867.9914194095686,0,437.89439098044255,7
2025-03-11 12:00:00,68.30882123799088,-564.6135486861905,-971.3701204884636,389.1809232864607,0,-1278.7507530371258,-2389.2205460476625,831.6571879043325,0,430.99343843689746,7
2025-03-12 12:00:00,553.8577622567293,-532.9228725946689,-903.2108363141236,432.8946648784708,0,-1254.4881667481714,-2506.8327100469487,931.634167293908,0,431.59615089046235,7
2025-03-13 12:00:00,-158.212930493335,-588.592305410082,-1019.4299929541268,505.53268867418893,0,-1385.377298088593,-2706.256599551032,1002.8175774012938,0,434.5713321688034,7
2025-03-14 12:00:00,125.4846714215395,-422.01146626009665,-750.3859272981949,504.44543523097684,0,-1166.3785671785688,-2297.0407248394044,903.0210023801162,0,433.7762182432457,7
2025-03-17 12:00:00,-169.6563136463175,-759.5122620877164,-1172.438434270415,529.8468560054704,0,-1731.5636332616884,-3217.9365297982968,1159.9156538020172,0,435.70290938501626,7
2025-03-18 12:00:00,-86.9683798120025,-415.1617154142583,-706.0784721424095,424.35653711814774,0,-1239.0139799610427,-2566.491787479859,982.7665324736445,0,429.6954270826979,7
2025-03-19 12:00:00,-23.129815181124446,-360.5532766870654,-603.7031550996497,528.0771580792023,0,-1090.810392703861,-2105.554131790859,900.0438583991256,0,429.64866308566116,7
2025-03-20 12:00:00,-81.45503914932898,-386.13571553411555,-672.5670352418668,455.19664518708146,0,-1248.1334466337942,-2420.0981228076676,942.4261428988988,0,430.6724705860452,7
2025-03-21 12:00:00,-55.8219209724502,-317.63093774199825,-534.8567186124428,527.4039620252842,0,-1171.014638057911,-2279.5154125703184,949.490900278955,0,429.6093499470422,7
2025-03-24 12:00:00,441.03307654180355,-443.56756672793654,-617.3167117944134,478.5722487741021,0,-1249.8808756109825,-2335.590001797383,894.526419876928,0,432.8904893513088,7
2025-03-25 12:00:00,111.80002717862665,-364.19223738296165,-617.6687318225696,433.7565986247055,0,-1294.4935843833955,-2627.499529826498,1005.9236749447051,0,437.9728267524132,7
2025-03-26 12:00:00,-63.31320560675191,-309.5904976320046,-519.1261951205263,560.3316965167139,0,-1210.512942215412,-2291.349319724371,940.2537718105314,0,440.3228632525483,7
2025-03-27 12:00:00,49.889355709486445,-247.92603187248633,-407.59025102906264,526.0549236071066,0,-1010.6945691920313,-2000.2655881053847,843.7270916932711,0,439.6146949839438,7
2025-03-28 12:00:00,-173.47813750646273,-328.0651210498831,-536.9211904375527,562.386034900354,0,-1120.1822507243553,-2323.564138338156,930.4494537788153,0,442.4976592599591,7
2025-03-31 12:00:00,-209.32356054389376,-522.2944168367717,-700.2207281493346,475.6528747256503,0,-1277.5841518328573,-2320.47462422284,850.3197337501691,0,438.78736339700976,7
2025-04-01 12:00:00,503.0272189919504,-602.9630814263022,-987.313249088778,397.05259696653616,0,-1477.718107705525,-2743.7288288875866,944.4048200893785,0,449.8613339609188,7
2025-04-02 12:00:00,-86.22052398634403,-752.868160047071,-1200.1960131851072,469.0825966814306,0,-1727.4624257731034,-3305.7559839089895,1157.8620737504186,0,456.11187273469875,7
2025-04-03 12:00:00,-10.518243031869766,-512.0906183291695,-793.0567042609994,521.4191001506067,0,-1350.3129527996125,-2607.648904786178,942.3581125921327,0,441.41307779722706,7
2025-04-04 12:00:00,-1403.36702618702,-363.8297639422445,-566.9241652552431,610.398771913923,1,-983.0133815761204,-1828.7557387124405,745.0106949946534,1,438.3666268477068,7
2025-04-07 12:00:00,-5.371824416562774,-858.8448011701448,-1201.9148996471813,402.4155733837781,0,-1666.2368667902824,-2833.4814619284866,900.2253829772637,0,439.4661223946909,7
2025-04-08 12:00:00,44.94812580975017,-981.3670471238453,-1643.0688881001317,507.32480891747616,0,-1922.4607752405823,-3321.6114461082484,1046.3192394039122,0,434.8530169839282,7
2025-04-09 12:00:00,-808.0211880834785,-1334.7001250706003,-2211.130030963889,666.6568908798503,0,-2457.111015828866,-4771.714565122809,1479.0651959808733,0,436.57494560817867,7
2025-04-10 12:00:00,-496.3115080620554,-747.6746338024373,-1245.1111435117039,471.46658491435204,0,-1680.847143886672,-2924.137385034013,1044.9769543600594,0,439.7475189739393,7
2025-04-11 12:00:00,378.9807506707841,-1345.9248068965812,-2230.4966294132805,663.4438917660161,0,-2569.6459246434724,-4756.474963141687,1568.068948876552,0,438.1254092505932,7
2025-04-14 12:00:00,-318.79897510036375,-1420.3347471119578,-2155.611240499001,610.7702583525005,0,-2532.6132473968587,-4622.444871884858,1446.7450281005968,0,442.8570887473399,7
2025-04-15 12:00:00,-47.70215322201669,-1051.7462789759422,-1741.1812387097953,578.9064823862433,0,-2149.492433876009,-4062.044295247783,1312.00270987274,0,441.8328930962092,7
2025-04-16 12:00:00,-6.5554352645127025,-992.9000615691531,-1713.3252281606099,563.3651428509262,0,-2162.737464522264,-4084.9587601423536,1373.8425402380485,0,440.75518360735146,7
2025-04-17 12:00:00,-119.26391797055638,-694.9256289670916,-1150.9890115029787,563.7671722992927,0,-1726.8567554272872,-3251.7309096613426,1160.5955947483553,0,437.07122201461806,7
2025-04-21 12:00:00,-476.22711907819297,-1149.7698574217452,-1691.8831281051625,498.15310872122944,0,-2283.2961456755256,-4152.019107039198,1299.447430789701,0,434.1466411081901,7
2025-04-22 12:00:00,146.8116196094261,-621.1618065497372,-1021.1066946354986,443.8714752080038,0,-1628.9795980121344,-3136.3418994563513,1087.038504621145,0,430.5186727054739,7
2025-04-23 12:00:00,276.27146910230664,-966.1416189583178,-1569.7341612873058,551.4022581721742,0,-2344.1662248373386,-4298.639893156225,1389.518799933878,0,433.02491438819305,7
2025-04-24 12:00:00,-109.4292625094568,-731.3732058561272,-1180.9478523376183,824.1535230162164,0,-1956.5727630447905,-3856.0375908309343,1311.3961902140334,0,436.72164534838714,7
2025-04-25 12:00:00,905.6959417662016,-534.5984114639555,-905.6123618453616,483.7439309712079,0,-1836.948662591132,-3535.7806780087312,1269.4836756772045,0,436.04686413816484,7
2025-04-28 12:00:00,-360.81303232574913,-731.0304736856092,-1034.4869988256344,566.9744982004615,0,-1993.3743256269472,-3574.1800463034474,1201.1376258953699,0,443.389585410411,7
2025-04-29 12:00:00,-9.436686580457344,-336.3615092676507,-564.698020901132,552.4096764564524,0,-1331.0037080995144,-2525.2711414616333,975.3582294178448,0,441.1755960016128,7
2025-04-30 12:00:00,-103.33065461613296,-312.6081163713955,-484.7995496468954,464.4119751130907,0,-1407.7341223442063,-2508.210940794607,994.2295660532016,0,442.3698496939187,7
2025-05-01 12:00:00,2205.262848206572,-255.26091982267837,-392.4675675544326,578.6868367962982,0,-1159.1616689958955,-2264.498142945005,920.5858128476532,0,440.0670806315431,7
2025-05-02 12:00:00,-2.691028048532777,-258.38112972750105,-415.02161924205274,554.2077975236494,0,-1261.791139283564,-2455.867855639352,999.3579950326493,0,448.9830268506459,7
2025-05-05 12:00:00,-80.13275686125398,-366.1940984883675,-499.2157638959924,685.0924791625774,0,-1229.5129635323447,-2422.2113310552418,1036.1022970173365,0,445.77559434389093,7
2025-05-06 12:00:00,-191.22082183841835,-124.69074488142937,-203.91587289698194,685.0968084920224,1,-786.4424857309576,-1617.2615548096308,853.2620859302098,0,441.774604765071,7
2025-05-07 12:00:00,435.4706007579868,-104.6611882747323,-187.502787254555,658.4778534458246,0,-765.6167282857024,-1602.4184183489233,861.0107083752628,0,443.998963665494,7
2025-05-08 12:00:00,127.02836497077327,-140.0847659901023,-247.39820610745903,594.7465325990186,0,-896.6111802338309,-1834.0303689394234,885.2985553401641,0,441.44190596288587,7
2025-05-09 12:00:00,87.18195777718182,-128.0133529346449,-235.74010760723695,656.3520793160311,0,-906.2840818221308,-1776.5848570884018,971.9711775839069,0,443.7966290667672,7
2025-05-12 12:00:00,276.3790911635234,-307.49452410561065,-380.00425107089063,702.1677904543124,0,-936.397441156047,-1718.8358435280918,856.8445601494645,0,445.7756784670887,7
2025-05-13 12:00:00,-242.2824929394854,-125.51276224973506,-218.21420611632826,672.7894277253886,1,-843.1334285413668,-1784.8478732790222,952.1787217701703,0,448.7202970985213,7
2025-05-14 12:00:00,844.1471221281697,-135.81703817416835,-222.45471421728033,734.742473727224,0,-830.8204830143385,-1725.4937370950365,889.3104236684419,0,447.77334908505264,7
2025-05-15 12:00:00,-64.92413511846104,-156.80968196463357,-253.12603091787756,814.3429751580784,0,-783.296939044219,-1605.9861122816924,859.4411033045802,0,455.4023609712172,7
2025-05-16 12:00:00,50.019905377758654,-136.0372111570363,-202.2314488679926,639.8714241475565,0,-681.4282994190061,-1466.5856315841168,790.8290203450055,0,452.48374078672225,7
2025-05-19 12:00:00,-179.31118360232875,-408.46698215708534,-473.6178692119748,671.3363145772612,0,-954.5625919584769,-1679.3217134890162,854.2408896810324,0,452.3575684205899,7
2025-05-20 12:00:00,82.1008154117107,-116.62921095559884,-170.89164671744848,632.280242957346,0,-570.7567381997989,-1323.0954471932018,764.0606500046318,0,450.89592334605794,7
2025-05-21 12:00:00,-0.489604399157904,-123.1571780674645,-172.97101031686157,639.9646126648928,0,-557.9850875337097,-1145.4160869232883,743.1457654823056,0,452.37031296693135,7
2025-05-22 12:00:00,-189.10888505160108,-115.18596089190532,-159.3914482358398,684.0603077567679,1,-548.3385269387212,-1162.165837504476,709.7196437687525,0,451.65781911778555,7
2025-05-23 12:00:00,-210.5847516878808,-115.50854831205544,-155.43778398204134,852.9692799044036,1,-439.19289021461117,-970.9365611412097,667.4396315231211,0,453.02154489498275,7
2025-05-27 12:00:00,-315.9524802517608,-474.94097925090335,-537.8359379860908,588.8122643081041,0,-926.3517871895716,-1547.5109528605701,731.7830949987685,0,451.85763602281304,7
2025-05-28 12:00:00,-69.34165198182652,-211.61551802341552,-347.066703854239,564.0339267621175,0,-825.7208826388162,-1628.5912516216658,788.5547805618982,0,453.95083028858534,7
2025-05-29 12:00:00,86.57453376179434,-176.2250750740606,-275.4247699606938,542.4613011269686,0,-762.470785580762,-1589.2507767061902,758.5871939383946,0,454.7546638631703,7
2025-05-30 12:00:00,15.190549284504776,-142.77224107107395,-231.06644955822267,579.6635319713469,0,-665.3512078018354,-1297.8421003625535,717.1536912862167,0,456.55581843542353,7
2025-06-02 12:00:00,-129.5862892858337,-419.6396319287914,-481.7090757816074,616.0107757754147,0,-957.4987455461879,-1716.2076555554686,774.2154119915702,0,432.4602718996072,7
2025-06-03 12:00:00,61.47105875681275,-123.98980728840418,-203.1142759241285,532.1783124628005,0,-684.3839934714721,-1419.5244191557076,722.6682761576117,0,450.5792837233204,7
2025-06-04 12:00:00,-53.06295987778396,-120.89037816695829,-186.05051971560704,674.9926508805939,0,-647.9441724926697,-1274.1943510470344,720.0849688860192,0,451.3083710324827,7
2025-06-05 12:00:00,38.539015573742695,-104.75726621513594,-153.39773741414834,780.8291863475629,0,-552.7728340136297,-1173.7466231552355,722.9780511835131,0,447.0182923500173,7
2025-06-06 12:00:00,176.50126512740724,-105.2887192418902,-148.85768160987664,709.479494307911,0,-520.1332116127586,-1071.1786167981793,705.474152987973,0,445.7609186912312,7
2025-06-09 12:00:00,-256.36833112443446,-341.585044444721,-376.5621479183159,610.5478960893253,0,-744.0100783690239,-1285.8584666780132,674.4138466496211,0,443.42006671084135,7
2025-06-10 12:00:00,607.166243382712,-103.28821077289521,-142.65415512987593,561.5184037945371,0,-483.5907415300757,-1120.2417421987789,674.8884253588404,0,443.69844112050504,7
2025-06-11 12:00:00,138.46777996950007,-109.76161639974386,-150.74724618479976,592.9776283096774,0,-468.98864982328746,-1016.8883998235156,658.8727252738867,0,446.8311353242732,7
2025-06-12 12:00:00,-19.11535532044785,-107.86896434507905,-147.79031125794793,588.9764986012259,0,-494.30171119012783,-1017.8397113635277,684.1634943811787,0,448.0566331633322,7
2025-06-13 12:00:00,-134.23970430169,-93.51792722842053,-127.39141077586764,560.718607596036,1,-384.78708303723187,-875.9008012123076,630.5887265923818,0,447.93131006224155,7
2025-06-16 12:00:00,-119.55920129326562,-298.4626120842851,-334.60791961555,615.5190255094072,0,-649.5592208074092,-1166.377587861679,792.1276170506545,0,447.69254323878897,7
2025-06-17 12:00:00,-64.80738632528126,-111.6339364522841,-146.99805943858613,571.1036765803011,0,-484.0822522289111,-1003.613953265526,671.0762449646304,0,449.4183367052427,7
2025-06-18 12:00:00,33.055242036443246,-100.08567272840106,-129.81423148229416,608.513514580525,0,-395.9350631959665,-841.1809580511035,579.626330593122,0,448.1520735347123,7
2025-06-20 12:00:00,-78.68391351152664,-199.3975221254365,-235.0904586913598,553.8292232514268,0,-548.107321835294,-1030.1298121099721,611.4125772580239,0,450.81807007238973,7
2025-06-23 12:00:00,854.1765680311614,-303.2473099014336,-345.253195853777,568.5295745933435,0,-626.5424673355387,-1104.7533165436737,613.7755999221317,0,450.7809337040822,7
2025-06-24 12:00:00,-265.80795268083386,-145.68986529368914,-205.9485945448919,559.6105697073034,1,-548.9210077456921,-1095.7819761667788,609.5988192263337,0,456.1815805304293,7
2025-06-25 12:00:00,152.64008294269536,-146.9026968449474,-220.04448889956905,520.7651421664794,0,-561.3804415276796,-1085.5628768599206,653.3673100348356,0,452.2908829333569,7
2025-06-26 12:00:00,-30.09782120069178,-149.5298314750059,-226.36990841044118,529.472024337819,0,-545.0964231794627,-1123.986700485093,670.7805871987298,0,450.55528505744746,7
2025-06-27 12:00:00,-79.68086918213702,-146.82412689446508,-216.02306001774326,540.8819385901282,0,-533.4060253974742,-1076.7463767727272,627.8516525108854,0,450.28735501821035,7
2025-06-30 12:00:00,-381.52041112846007,-397.5425374003171,-445.7160790966352,681.9455762952801,0,-738.1784385223259,-1255.8547747638227,664.1458659472988,0,450.4076793338438,7
2025-07-01 12:00:00,359.5668761455674,-172.53502143727079,-215.206258165433,437.9047625330145,0,-471.1701319250054,-952.6644824020568,544.7285705831097,0,455.5197785341035,7
2025-07-02 12:00:00,191.28618270149389,-181.0547515214087,-231.94369304848362,420.88943976589314,0,-447.0040487494379,-862.5325063906934,511.8064573090368,0,452.9847582717978,7
2025-07-03 12:00:00,-137.6569878771453,-189.52775279129105,-254.30190547017108,506.41294372945464,0,-543.2214032800393,-1076.9042286157544,604.1353550579574,0,448.99085772745053,7
2025-07-07 12:00:00,-332.7515044120331,-675.2678570255367,-730.5679171395101,512.0679521030689,0,-1014.6663704095506,-1522.1676292530003,643.1862450917939,0,449.8474542080701,7
2025-07-08 12:00:00,-6.9630384149577225,-162.73941222442244,-200.74501894176106,439.9778025421621,0,-403.7369621830016,-751.2510965999965,466.3132043035634,0,445.7882182286639,7
2025-07-09 12:00:00,88.03623521045205,-184.72956974466524,-245.3199410246725,467.02036213324743,0,-513.7522726992606,-1008.131230835116,579.3508820784127,0,445.40401180324784,7
2025-07-10 12:00:00,64.83286216783756,-201.74650667171127,-278.9043516604161,435.2793739158389,0,-543.4542347636828,-1030.527822169368,582.4776730622804,0,446.28491570167296,7
2025-07-11 12:00:00,122.97499307905697,-196.6652015459119,-267.79231672088594,655.2563793128973,0,-546.7632956889514,-984.5329292350098,569.7218536706907,0,447.9975245989444,7
2025-07-14 12:00:00,-440.47018134798196,-550.5807053190213,-627.0481344616082,493.26259704977156,0,-873.9528106825024,-1307.254147493974,592.997943652225,0,452.7113301550098,7
2025-07-15 12:00:00,102.22185495016879,-192.03602762042837,-272.807860655771,479.78446285629633,0,-529.6182733082151,-994.5980184122445,573.4471834431909,0,452.0081795740383,7
2025-07-16 12:00:00,-163.2943193221367,-187.8495515626522,-255.30830460534995,436.9685512716661,0,-511.8929056908647,-1008.6716873482721,544.3323441150804,0,454.21571065314015,7
2025-07-17 12:00:00,-195.36889326340562,-176.557334366838,-240.25376423308504,448.11122826133385,1,-466.9784666060829,-882.1934940957884,535.8427124356394,0,456.1318941065528,7
2025-07-18 12:00:00,-25.84881035145151,-235.01415725477372,-339.01793021501504,451.78040431593706,0,-600.2607633668548,-1146.7705760511292,581.0529881146455,0,455.45072369049774,7
2025-07-21 12:00:00,-510.6084345493673,-554.0972472522869,-653.6119798212395,457.51539358977624,0,-897.985850338401,-1445.5759201279934,574.0111364790231,0,455.75783733782634,7
2025-07-22 12:00:00,-118.82352210480748,-189.1479781397139,-264.0443134358308,390.47972339753295,0,-472.62375971469055,-898.8456484982515,536.4318795177068,0,455.3069010489728,7
2025-07-23 12:00:00,-109.80311194887886,-183.5706104546899,-239.90835311317053,402.36227313429595,0,-476.1826023985628,-896.7737128593717,476.1210650199097,0,456.1550996803715,7
2025-07-24 12:00:00,665.0018221745152,-237.29702299792058,-328.77965653906085,388.950593505539,0,-647.0386106238756,-1196.1148339107424,601.1592441061158,0,455.56283427834035,7
2025-07-25 12:00:00,275.14661613941905,-203.46200596348987,-298.5105080393036,362.4029814201189,0,-585.5123639464439,-1227.6843123380709,566.9352507507227,0,452.51702021344323,7
2025-07-28 12:00:00,-329.8337962400894,-483.40352398440683,-578.3513167230651,511.98505107863247,0,-869.2196919681501,-1401.3061054350567,667.6071137163216,0,455.9650693257944,7
2025-07-29 12:00:00,-57.26855973153918,-191.953682882453,-266.05253734618356,439.31701668265003,0,-541.0695598976931,-983.3417982675869,577.8417209861425,0,456.0314022202888,7
2025-07-30 12:00:00,-86.33539775387823,-194.20883823098492,-268.42187843982816,443.76273805528285,0,-498.88423176583734,-950.2537649569229,597.4375398817148,0,454.592993233136,7
2025-07-31 12:00:00,1045.360327839144,-187.53008675954737,-256.3486564054227,481.4119611052799,0,-506.7619940309857,-962.5633287095598,559.2191946526,0,454.0099356140443,7
2025-08-01 12:00:00,-324.8283304046826,-194.31252113744384,-277.45352216622234,547.9409139720727,1,-527.1185292400448,-1055.3061100250059,585.6869426439517,0,458.6964209875312,7
2025-08-04 12:00:00,-165.64343155754884,-367.4380371697245,-421.25820108307664,455.9501186789406,0,-619.0181604163532,-1013.202575740542,544.5948009180756,0,456.95021329575405,7
2025-08-05 12:00:00,-97.36931010908788,-356.1328000723674,-595.1882412082031,424.42633516427134,0,-859.486132213201,-1754.501577571626,715.5937514344294,0,457.06079963949367,7
2025-08-06 12:00:00,692.745467728782,-265.3310120639404,-453.5249609996942,376.8904779652601,0,-748.2884313622556,-1537.1658777547402,679.7522620921765,0,457.0576308638702,7
2025-08-07 12:00:00,99.20761250991802,-330.6543766874435,-564.9827263816209,432.6449519387501,0,-861.688683029163,-1646.8047067031405,717.2098041037588,0,459.4195487157155,7
2025-08-08 12:00:00,274.3663635108693,-253.09384947411576,-442.23253766881817,469.3935166279013,0,-687.3344227574653,-1405.458379423081,740.9395756027253,0,459.6973761023148,7
2025-08-11 12:00:00,-19.91579890967691,-510.3944246413029,-679.5254671025158,459.394340658582,0,-1058.9955477027613,-1764.7855523277287,702.3910324245314,0,462.02937588357867,7
2025-08-12 12:00:00,-169.5705837820764,-199.1569915701325,-321.9302547678445,440.5550424980188,0,-618.2206029891239,-1226.9170606643236,628.2360634007858,0,465.38144434910043,7
2025-08-13 12:00:00,-62.668842446948474,-183.91069591184774,-311.27897062695376,451.0220908544545,0,-634.8410475515553,-1278.127526000678,622.2859109940418,0,462.6766357085997,7
2025-08-14 12:00:00,126.22135334692891,-174.27903336628796,-272.46487110942076,483.4608611968796,0,-606.0571636489326,-1181.5955795296907,587.8539796981762,0,462.85273803294626,7
2025-08-15 12:00:00,-199.36607058515037,-173.4109175824905,-266.3886206536398,453.6339151779888,1,-542.8391484164172,-1094.547488360268,573.6357233448088,0,461.5947690432784,7
2025-08-18 12:00:00,-243.96902496649687,-450.8306626933298,-549.312903943299,489.10958044123294,0,-905.424747342432,-1497.4217112124904,696.8529596343959,0,462.88789103063044,7
2025-08-19 12:00:00,-90.33806996315806,-180.25667467358605,-292.27960274511736,403.15068353927313,0,-550.822300131615,-1163.208622504207,597.7298080880723,0,462.93823270096493,7
2025-08-20 12:00:00,-172.13405121254357,-173.6130016700641,-265.14287523479237,416.6957684507794,0,-573.1955263576582,-1106.0526832837993,562.308188408367,0,462.268381830909,7
2025-08-21 12:00:00,-9.010550007687744,-180.4809386573383,-290.26040994219375,403.75704128623585,0,-637.0767950628931,-1281.1987033281862,607.2058286736507,0,459.4050435440342,7
2025-08-22 12:00:00,-142.66054854762945,-289.74122489453725,-499.52959905739107,461.328767317494,0,-917.3316630531233,-1837.1777028603985,764.3427635145667,0,460.3668802982348,7
2025-08-25 12:00:00,11.186308408212874,-598.2080275377148,-814.1556571552633,445.662908795375,0,-1249.0580604214315,-2216.5966546760746,828.1780178263334,0,460.0500968566913,7
2025-08-26 12:00:00,-81.20009389225893,-274.4478431885878,-444.48909518353184,379.5200031119434,0,-795.9691808272664,-1519.8961402663858,691.5514391246484,0,464.8796585488588,7
2025-08-27 12:00:00,13.842531859885476,-248.66628420242262,-404.41100947723794,398.57715888758605,0,-820.0660531356805,-1645.054161305512,668.6897743779535,0,463.4363152623714,7
2025-08-28 12:00:00,24.609025411844563,-246.71818091370926,-392.8606741126142,421.87086425117997,0,-810.4312512193582,-1515.1939691818916,674.5995346330175,0,465.2640359131063,7
2025-08-29 12:00:00,-209.92596414362717,-218.49219210052894,-365.28205539301433,411.45363983080966,0,-740.8549550835492,-1531.5537065498354,726.6489315454213,0,463.11879325317875,7
2025-09-02 12:00:00,-450.64783393735365,-473.1714381664933,-584.7326339625696,522.1689828077336,0,-1021.9755898312526,-1773.714623729586,704.7726048168614,0,463.82889508015546,7
2025-09-03 12:00:00,1092.192150823113,-162.7216868978845,-271.67616571049297,393.299164274105,0,-666.1136094519255,-1335.277139372817,601.3654391072976,0,461.74831517352976,7
2025-09-04 12:00:00,93.8963277647486,-344.2450469096939,-619.4553744517217,478.1034328271738,0,-1060.3803086946743,-2054.752669145919,840.3797990956195,0,467.3928635787382,7
2025-09-05 12:00:00,493.94480479597115,-270.7447159907697,-483.51595312337,406.89965888990656,0,-954.6715899587117,-1869.9965742785923,767.1770235410618,0,466.35544935251454,7
2025-09-08 12:00:00,-436.34634224712516,-503.48427088840793,-712.1968740953156,437.6656672408045,0,-1167.12717051281,-2045.2423007953696,748.6821166675802,0,463.8241486669905,7
2025-09-09 12:00:00,-99.51067658666418,-227.16112141221794,-393.6387357262919,439.85295496763297,0,-791.7531092350466,-1565.1947447479947,694.1660524441046,0,462.53973234753795,7
2025-09-10 12:00:00,889.559076969019,-156.7126765527519,-281.62450008828563,500.1457429131205,0,-737.4643125841149,-1466.1754513554088,679.5006836446661,0,461.9817059684797,7
2025-09-11 12:00:00,-12.990422444488107,-235.59620759321942,-386.46767081534887,396.8615654437639,0,-845.8536196507837,-1665.7237278446005,698.4706344982388,0,461.3969199910759,7
2025-09-12 12:00:00,1183.6395119530291,-172.34900117722424,-288.5923245770177,455.83019740147586,0,-724.8008157098798,-1405.381788094271,674.0757285897748,0,461.10543288825113,7
2025-09-15 12:00:00,406.27781401840247,-505.3923589195871,-626.0523570006578,503.7553672385922,0,-1056.5340141831862,-1737.4101886484543,686.1296959350564,0,468.9466100979934,7
2025-09-16 12:00:00,-80.4768485399856,-197.58824413748036,-291.4271049636243,461.20918350807824,0,-618.1176645532753,-1203.960690667818,640.8416153507039,0,474.2645018127305,7
2025-09-17 12:00:00,39.39471484329153,-163.9650861524107,-230.5328187667688,510.8353263576437,0,-555.1419881253846,-1148.4550059368248,655.1074625832865,0,474.78688867164084,7
2025-09-18 12:00:00,-226.67937105311674,-160.97942135645215,-233.61653592725895,521.9784223897981,1,-528.7299223687263,-1050.8102332382218,601.646267536558,0,471.8920850742315,7
2025-09-19 12:00:00,111.37651681411668,-184.6777443634865,-284.606488437042,573.9971453881329,0,-579.2545565992208,-1167.8374938971672,631.0210369584044,0,469.4551052391236,7
2025-09-22 12:00:00,805.75003458337,-443.20551614706875,-525.5001884283038,509.67922244060907,0,-830.2313898819727,-1385.2174952943656,666.2467312177818,0,472.2114054789405,7
2025-09-23 12:00:00,52.78873582631349,-191.97534809137355,-261.670465635509,450.2611375299561,0,-522.4846777429076,-991.7225757486348,570.620409725121,0,476.8107799546324,7
2025-09-24 12:00:00,-194.28069829148117,-174.15938135333292,-229.32572982365616,509.80857860508365,1,-468.5087263987459,-937.5519570263505,574.1521167821616,0,474.30003859512965,7
2025-09-25 12:00:00,-50.25360209018848,-166.0253983106919,-216.8010153092469,455.6648108865749,0,-436.73955915033173,-833.9081588061575,563.6385834810674,0,474.495208974809,7
2025-09-26 12:00:00,-94.27052511992542,-196.10397246937546,-313.2357899007119,441.6601467734589,0,-632.0616363125687,-1265.8589799122735,686.1602846665231,0,475.3971614135606,7
2025-09-29 12:00:00,-201.26238323132952,-513.9570923271984,-602.9762168911941,474.75149258937876,0,-927.7686305760949,-1538.148954445039,636.620176136663,0,475.4126630367437,7
2025-09-30 12:00:00,0.9770064583668905,-282.7882507646933,-403.10127268853853,445.0340274724573,0,-669.6149500572957,-1255.4182999671152,618.9832559144251,0,476.7746187750386,7
2025-10-01 12:00:00,129.82842916474036,-270.52722992419297,-374.90436383646636,532.0685705884063,0,-647.4509504916946,-1177.7463044497163,577.7748757673808,0,477.64237966511314,7
2025-10-02 12:00:00,-271.8172581389197,-301.80303373507604,-419.2052959974174,469.52021781973826,0,-719.6678680031631,-1300.8097300423556,619.4943630518407,0,479.28456864698524,7
2025-10-03 12:00:00,-121.05658390951642,-280.3165807387866,-372.81341610047764,407.80424792388686,0,-662.404401147719,-1220.0508842264303,595.1007968912495,0,476.91465989302725,7
2025-10-06 12:00:00,-296.7482946230275,-708.0593000514987,-800.4266832683023,456.66038187857754,0,-1093.4076062915165,-1658.2596135762137,564.4018241316452,0,474.1602114880305,7
2025-10-07 12:00:00,-280.2299794456951,-267.5812192009589,-344.82080319245637,431.36760096308376,1,-569.1399817498398,-1006.6674670100382,518.3894078495441,0,475.9641524026108,7
2025-10-08 12:00:00,-320.628961299629,-246.93480468855316,-306.89354606000825,415.624588012138,1,-539.1484732124782,-995.6178310040023,508.74526441644605,0,477.0835094566096,7
2025-10-09 12:00:00,70.22645532833161,-303.94980412800965,-428.3756242604548,381.60491491720074,0,-683.0309092550764,-1240.609964018703,561.9647132047311,0,474.4128093226747,7
2025-10-10 12:00:00,-658.5149253663118,-293.31375543504697,-407.45690887227374,410.87668056397837,1,-630.6720706127946,-1209.3286797867488,533.1172814409649,1,472.4938246029951,7
2025-10-13 12:00:00,-631.3786967134002,-676.0076006278235,-759.8392193604498,479.10927160485886,0,-1007.3557831349381,-1479.1165406636837,538.0634267492867,0,474.22561629101654,7
2025-10-14 12:00:00,-63.101805895478726,-364.42736641857454,-574.6516213660699,358.54261648421647,0,-794.8949251336427,-1465.7478238325973,597.1068882814493,0,472.08549322148326,7
2025-10-15 12:00:00,-143.6415056901458,-336.9044159177952,-504.1589559440897,430.59155704291356,0,-722.197310467376,-1353.9755599960506,550.4245179627003,0,470.82958065743634,7
2025-10-16 12:00:00,-147.09492781713254,-357.58378107892463,-533.8229503150409,378.7090250313169,0,-831.4345254662211,-1568.8461295783827,601.59161686445,0,469.7787514330354,7
2025-10-17 12:00:00,-152.4743895199998,-285.64187662299696,-416.6398414373016,374.3136731936023,0,-695.9680437566589,-1256.2458237422438,550.2282195954426,0,469.68002648334385,7
2025-10-20 12:00:00,-122.3990781399237,-621.4080745306883,-732.2432132410516,424.6074945422489,0,-987.8806006909788,-1501.459467945647,564.7603448589833,0,471.11569740798535,7
2025-10-21 12:00:00,39.5118998275747,-362.82720317914476,-535.1915821801671,387.0363853888564,0,-780.177903773491,-1340.9972900860528,555.3820134109864,0,472.60307878087417,7
2025-10-22 12:00:00,116.31128403150245,-361.4642878826186,-516.5388915576418,384.635126682381,0,-750.6840014099472,-1299.06058457937,550.0360071844437,0,472.7056963486919,7
2025-10-23 12:00:00,-187.67882219316306,-318.79941635158536,-453.54679880827877,325.30023686396197,0,-699.0219212370578,-1319.943859590856,552.2124730862964,0,472.7191285650672,7
2025-10-24 12:00:00,-351.5487159530593,-364.13978383272257,-560.8147995343918,512.4224447891487,0,-872.3548810624175,-1654.5789273702892,645.888466048835,0,471.95499689288584,7
2025-10-27 12:00:00,-363.1233571079678,-807.6671202872036,-1015.236578712604,432.90294309463036,0,-1336.351438510775,-2176.1867328568387,675.8510505531586,0,470.52623048887153,7
2025-10-28 12:00:00,67.62966245290943,-321.3626167362145,-481.7028250628827,443.43621834754475,0,-771.5656136625629,-1351.5503462464976,545.8017759863744,0,473.6993934200459,7
2025-10-29 12:00:00,557.2249280517302,-316.58235816803335,-414.13174256992494,536.666786073104,0,-723.6696672513294,-1292.3940039300728,561.077193303287,0,476.79307356370407,7
2025-10-30 12:00:00,401.23429455577667,-294.26246604686423,-390.33827700328686,408.17473359941425,0,-622.2174124347521,-1114.3452005829386,504.1767591596787,0,478.2502789921845,7
2025-10-31 12:00:00,931.4867253386781,-217.2525408368401,-293.4936502029512,396.1454196814069,0,-548.2366959635243,-995.2646970176792,522.2151160979055,0,476.14509601467284,7
2025-11-03 12:00:00,178.2414734860585,-571.9516200041757,-689.9769222453381,423.8570640654875,0,-1008.6885425815259,-1663.3021846366194,625.8717840352424,0,479.48381021779124,7
2025-11-04 12:00:00,-227.5524340508563,-213.12746030462486,-309.82174566592073,462.29695788088964,1,-564.5106735217353,-1068.3664285944528,606.4500304304023,0,483.59480096381156,7
2025-11-05 12:00:00,-75.19060107020928,-178.19567501990997,-275.00624165175634,435.2903425484624,0,-517.0936891182994,-1018.9946167900436,547.2242323749864,0,482.92346436346986,7
2025-11-06 12:00:00,-239.53597257891522,-280.80183061241473,-450.08827935724787,565.631542147112,0,-772.1386894467482,-1524.1445150643026,677.8524722361257,0,481.4672234399943,7
2025-11-07 12:00:00,-399.2989042966528,-221.4416680239876,-340.1040009407023,456.5662650865308,1,-670.4661047032963,-1358.5145678104004,605.2454700944701,0,480.30291085343515,7
2025-11-10 12:00:00,-380.8823530242362,-608.1179059939294,-824.1894830564652,438.47608986980885,0,-1212.027447512784,-2133.266774418594,770.3813693053324,0,480.03427687096064,7
2025-11-11 12:00:00,-16.816705761406208,-692.426458924381,-1174.7475464023967,452.7994621960326,0,-1577.7870612991942,-2873.3003573409014,991.2609646585116,0,480.02401440028154,7
2025-11-12 12:00:00,-53.45301733034927,-582.8604945898467,-1023.7393549953969,474.25895222327347,0,-1370.3442168229287,-2636.8243788513955,958.0762096977709,0,478.9095019133018,7
2025-11-13 12:00:00,281.29228395072164,-457.3923557208111,-783.0727582369229,444.46809184766084,0,-1271.9067409206464,-2394.3446569210278,910.7117620989555,0,476.52309537601803,7
2025-11-14 12:00:00,120.80333830085736,-382.9279439811165,-659.3929840635034,424.6522091065093,0,-1043.6787208909607,-2082.8837042677233,829.6491773141763,0,476.20823010622297,7
2025-11-17 12:00:00,249.82295918766727,-777.9726659943019,-1135.4857198481056,487.298780436432,0,-1575.4778669497287,-2824.5893237110004,1006.7804578274461,0,477.7291043981166,7
2025-11-18 12:00:00,84.44441982434124,-420.94820179439716,-729.5360790849244,483.8275603934801,0,-1173.4681116236181,-2253.7117078272545,879.7485057246918,0,479.44314514723357,7
2025-11-19 12:00:00,167.4746565929187,-313.1239904776676,-538.5461704429928,398.718891637201,0,-944.3844620549411,-1899.6948203353613,778.5508259157798,0,476.6722857747731,7
2025-11-20 12:00:00,-53.00464645304625,-548.8073461547825,-962.0463157525637,451.7380069486794,0,-1374.9079223618282,-2715.5719648073054,1025.9656520900608,0,477.66372982305296,7
2025-11-21 12:00:00,68.49639051436195,-383.4539603508669,-685.4472992647513,496.8238931033128,0,-1160.5881534506823,-2236.3775411099336,887.501444796036,0,478.3450488774608,7
2025-11-24 12:00:00,-158.88823770559048,-676.9042095980668,-987.9995518572815,431.299115877088,0,-1471.2115758574805,-2591.926986219843,909.0046999700751,0,476.59986361434255,7
2025-11-25 12:00:00,242.31755622642325,-578.5399690071083,-989.6618512629619,489.43331001419347,0,-1493.3122985395653,-2867.9221260846143,1045.4491828513694,0,476.62612782552037,7
2025-11-26 12:00:00,-86.76821951384514,-499.91322554017324,-901.6861104527269,485.4319773315576,0,-1308.2654592143645,-2545.6514846396126,1001.1997862395438,0,474.6621579951601,7
2025-11-28 12:00:00,-63.682740670270505,-595.5230297176329,-967.416334446634,561.4681549522141,0,-1471.7273623281826,-2628.783530105116,1017.6698174360113,0,474.04309211801524,7
2025-12-01 12:00:00,-254.107416456659,-590.3375346072123,-898.0246926522585,532.375021508731,0,-1408.0106896350605,-2533.8921297463376,979.3545118450924,0,472.9869642870327,7
2025-12-02 12:00:00,119.51838380579747,-295.8233963148795,-550.2901807238616,521.3599371075168,0,-1058.3876288368333,-2101.5780119391316,897.2772866237805,0,489.022674389844,7
2025-12-03 12:00:00,449.14920197621916,-260.65771594084714,-476.3260465408516,454.72916098448763,0,-962.3568643284589,-1914.276920104126,847.5095554466943,0,490.3335270333709,7
2025-12-04 12:00:00,257.0816819487177,-257.57465794590496,-466.52550051211415,540.9904584873553,0,-919.1099755133287,-1807.4805587879998,798.4216319585023,0,473.08775042219264,7
2025-12-05 12:00:00,-49.49650068943083,-249.35452827381528,-433.0169404877941,545.5812506377531,0,-863.3213150083609,-1690.9990311750141,815.8231429760474,0,471.0120995439212,7
2025-12-08 12:00:00,199.84748874241595,-461.69017913623605,-620.3084323914939,620.6581026977321,0,-1080.136074443277,-1940.2049478134695,841.2747558915318,0,470.1514240176426,7
2025-12-09 12:00:00,11.375227711544103,-162.22741189941308,-292.19199442821406,610.3289996799344,0,-653.5468821100934,-1297.718827699677,751.9141633269635,0,469.94473425425525,7
2025-12-10 12:00:00,157.30012819682207,-161.86366883905677,-286.6098256649576,544.6561525126389,0,-745.7391893439485,-1507.1046329897604,758.5591706506888,0,471.36763744973257,7
2025-12-11 12:00:00,-82.62767839049536,-167.10541605437527,-287.69499430794707,491.6680463234956,0,-670.9814342208601,-1410.310796054176,737.5117248047555,0,469.5386411469847,7
2025-12-12 12:00:00,-362.66758457825927,-172.2575768010354,-278.7125235188335,666.8825782850992,1,-748.7722163693417,-1484.6452855551931,777.8077585190462,0,467.50747084589176,7
2025-12-15 12:00:00,797.3920847092859,-414.48792622020454,-547.9230848940581,557.8004485692271,0,-1001.8934338999932,-1827.5895310792666,830.6366573154614,0,471.0526865101114,7
2025-12-16 12:00:00,-102.47982386144947,-299.040052121233,-516.5255391861892,513.1402220889356,0,-927.7668364439239,-1758.451278619602,799.8770165813477,0,475.31918179204115,7
2025-12-17 12:00:00,-162.82448352851867,-248.7809074475516,-452.93328637567987,553.9661107686946,0,-930.142868132037,-1946.7571485793137,887.0469874075104,0,476.56991942279564,7
2025-12-18 12:00:00,124.26455934215237,-240.74272499248838,-434.75665211470005,564.5707062153853,0,-869.1601170013616,-1734.0199846540936,804.0688203349558,0,478.09373872303394,7
2025-12-19 12:00:00,-5.787112357813265,-360.88681156195923,-618.8474440328574,501.2303030037928,0,-1213.1433323801773,-2438.094761114077,968.4856304423108,0,479.84119179137946,7
2025-12-22 12:00:00,-30.402562822626518,-554.2696393535781,-796.5592044107332,577.8769634989037,0,-1298.4494103605882,-2289.130268733969,882.6414037060059,0,475.67153587382063,7
2025-12-23 12:00:00,117.66028844498857,-270.9255393708019,-467.39772469905927,584.568308504766,0,-974.2035238056077,-1987.1033428787773,862.7110530673962,0,478.24674805484216,7
2025-12-24 12:00:00,-115.07904296203445,-224.22083893262175,-392.28087070709097,611.2928721277707,0,-924.0492535183271,-1802.0633447713267,850.4827934554062,0,479.2172576012212,7
2025-12-26 12:00:00,-209.8017946269917,-340.71589051252215,-505.0069463339988,626.4244809514978,0,-1007.0626773849851,-1891.2916889127246,852.0622564120887,0,478.3139280180037,7
